<?xml version="1.0" encoding="UTF-8"?>
<project-private xmlns="http://www.netbeans.org/ns/project-private/1">
    <editor-bookmarks xmlns="http://www.netbeans.org/ns/editor-bookmarks/2" lastBookmarkId="0"/>
    <open-files xmlns="http://www.netbeans.org/ns/projectui-open-files/2">
        <group>
            <file>file:/C:/Users/SONY/Desktop/java%20final%20project/s2nd_project/src/s2nd_project/menu1.java</file>
            <file>file:/C:/Users/SONY/Desktop/java%20final%20project/s2nd_project/src/s2nd_project/Menu.java</file>
            <file>file:/C:/Users/SONY/Desktop/java%20final%20project/s2nd_project/src/s2nd_project/JFrame1.java</file>
            <file>file:/C:/Users/SONY/Desktop/java%20final%20project/s2nd_project/src/s2nd_project/menu2.java</file>
            <file>file:/C:/Users/SONY/Desktop/java%20final%20project/s2nd_project/src/s2nd_project/System.java</file>
            <file>file:/C:/Users/SONY/Desktop/java%20final%20project/s2nd_project/src/s2nd_project/demo.java</file>
        </group>
    </open-files>
</project-private>
